-- ========================================
-- SCRIPT SQL PARA CRIAR TABELAS NO SUPABASE
-- ========================================
-- Execute este script no SQL Editor do Supabase
-- (Dashboard > SQL Editor > New Query)
-- ========================================

-- Tabela de Viaturas
CREATE TABLE IF NOT EXISTS viaturas (
    id SERIAL PRIMARY KEY,
    codigo VARCHAR(50) NOT NULL UNIQUE,
    nome VARCHAR(200) NOT NULL,
    icone VARCHAR(10) DEFAULT '游',
    ativo BOOLEAN DEFAULT true,
    created_at TIMESTAMP WITH TIME ZONE DEFAULT NOW()
);

-- Tabela de Categorias
CREATE TABLE IF NOT EXISTS categorias (
    id SERIAL PRIMARY KEY,
    nome VARCHAR(100) NOT NULL,
    icone VARCHAR(10) DEFAULT '游늶',
    ordem INT DEFAULT 0,
    created_at TIMESTAMP WITH TIME ZONE DEFAULT NOW()
);

-- Tabela de Materiais
CREATE TABLE IF NOT EXISTS materiais (
    id SERIAL PRIMARY KEY,
    categoria_id INT REFERENCES categorias(id) ON DELETE CASCADE,
    nome VARCHAR(200) NOT NULL,
    qtd_esperada INT DEFAULT 1,
    tipo VARCHAR(20) DEFAULT 'quantidade', -- 'quantidade', 'check', 'numero'
    created_at TIMESTAMP WITH TIME ZONE DEFAULT NOW()
);

-- Tabela de Checklists (hist칩rico)
CREATE TABLE IF NOT EXISTS checklists (
    id VARCHAR(50) PRIMARY KEY, -- ID 칰nico gerado (CHK-xxx-xxx)
    responsavel VARCHAR(200) NOT NULL,
    data_hora TIMESTAMP WITH TIME ZONE NOT NULL,
    viaturas_verificadas TEXT,
    total_viaturas INT,
    completo BOOLEAN DEFAULT false,
    hash VARCHAR(64), -- SHA-256 para verifica칞칚o
    dados_checklist JSONB, -- Dados completos do checklist
    assinatura TEXT, -- Base64 da assinatura
    created_at TIMESTAMP WITH TIME ZONE DEFAULT NOW()
);

-- ========================================
-- INSERIR DADOS INICIAIS
-- ========================================

-- Viaturas
INSERT INTO viaturas (codigo, nome, icone) VALUES
    ('ABTS 01', 'Auto Bomba Tanque Salvamento', '游'),
    ('ABTS 02', 'Auto Bomba Tanque Salvamento', '游'),
    ('UR 01', 'Unidade de Resgate', '游뚬'),
    ('ASE 01', 'Auto Salvamento e Escada', '游')
ON CONFLICT (codigo) DO NOTHING;

-- Categorias
INSERT INTO categorias (id, nome, icone, ordem) VALUES
    (1, 'Viatura', '游뚱', 1),
    (2, 'Material de Sapa', '游댢', 2),
    (3, 'Material Hidr치ulico', '游눦', 3),
    (4, 'EPIs', '游붴', 4)
ON CONFLICT (id) DO NOTHING;

-- Materiais - Viatura (categoria 1)
INSERT INTO materiais (categoria_id, nome, qtd_esperada, tipo) VALUES
    (1, 'Pneus em bom estado', 6, 'check'),
    (1, 'Bal칚o cheio', 1, 'check'),
    (1, 'Far칩is funcionando', 4, 'check'),
    (1, 'Sirene funcionando', 1, 'check'),
    (1, 'N칤vel de 칩leo OK', 1, 'check'),
    (1, 'Tanque de 치gua (litros)', 6000, 'numero')
ON CONFLICT DO NOTHING;

-- Materiais - Material de Sapa (categoria 2)
INSERT INTO materiais (categoria_id, nome, qtd_esperada, tipo) VALUES
    (2, 'P치s', 4, 'quantidade'),
    (2, 'Enxadas', 2, 'quantidade'),
    (2, 'Picaretas', 2, 'quantidade'),
    (2, 'Machados', 2, 'quantidade'),
    (2, 'Cavadeiras', 2, 'quantidade'),
    (2, 'Foices', 2, 'quantidade')
ON CONFLICT DO NOTHING;

-- Materiais - Material Hidr치ulico (categoria 3)
INSERT INTO materiais (categoria_id, nome, qtd_esperada, tipo) VALUES
    (3, 'Mangueiras 1.1/2" (15m)', 8, 'quantidade'),
    (3, 'Mangueiras 2.1/2" (15m)', 6, 'quantidade'),
    (3, 'Esguichos regul치veis', 4, 'quantidade'),
    (3, 'Divisores', 2, 'quantidade'),
    (3, 'Redutores', 2, 'quantidade'),
    (3, 'Chaves de mangueira', 4, 'quantidade')
ON CONFLICT DO NOTHING;

-- Materiais - EPIs (categoria 4)
INSERT INTO materiais (categoria_id, nome, qtd_esperada, tipo) VALUES
    (4, 'Capacetes', 6, 'quantidade'),
    (4, 'Capas de aproxima칞칚o', 6, 'quantidade'),
    (4, 'Botas', 6, 'quantidade'),
    (4, 'Luvas', 6, 'quantidade'),
    (4, 'Lanternas', 4, 'quantidade'),
    (4, 'EPR (Equipamento Prote칞칚o Respirat칩ria)', 4, 'quantidade')
ON CONFLICT DO NOTHING;

-- ========================================
-- CONFIGURAR POL칈TICAS DE SEGURAN칂A (RLS)
-- ========================================

-- Habilitar RLS nas tabelas
ALTER TABLE viaturas ENABLE ROW LEVEL SECURITY;
ALTER TABLE categorias ENABLE ROW LEVEL SECURITY;
ALTER TABLE materiais ENABLE ROW LEVEL SECURITY;
ALTER TABLE checklists ENABLE ROW LEVEL SECURITY;

-- Pol칤ticas para leitura p칰blica (viaturas, categorias, materiais)
CREATE POLICY "Permitir leitura p칰blica de viaturas" ON viaturas
    FOR SELECT USING (true);

CREATE POLICY "Permitir leitura p칰blica de categorias" ON categorias
    FOR SELECT USING (true);

CREATE POLICY "Permitir leitura p칰blica de materiais" ON materiais
    FOR SELECT USING (true);

-- Pol칤ticas para checklists (leitura e inser칞칚o p칰blica)
CREATE POLICY "Permitir leitura p칰blica de checklists" ON checklists
    FOR SELECT USING (true);

CREATE POLICY "Permitir inser칞칚o p칰blica de checklists" ON checklists
    FOR INSERT WITH CHECK (true);

-- ========================================
-- 칈NDICES PARA PERFORMANCE
-- ========================================

CREATE INDEX IF NOT EXISTS idx_checklists_data ON checklists(data_hora);
CREATE INDEX IF NOT EXISTS idx_checklists_responsavel ON checklists(responsavel);
CREATE INDEX IF NOT EXISTS idx_materiais_categoria ON materiais(categoria_id);
